Noise,Filter,PSNR (dB),SSIM,EBR,T_lower,T_upper,Precision,Recall,F1 (tuned),"F1 (50,150)",Spurious px
Gaussian noise,No filter,23.0,0.179,4.56,100,300,0.284,0.989,0.441,0.149,13665
Gaussian noise,Gaussian k=3,29.86,0.4491,7.96,100,200,0.968,0.972,0.97,0.471,100
Gaussian noise,Gaussian k=5,31.0,0.5427,10.68,70,140,0.99,0.992,0.991,0.98,28
Gaussian noise,Gaussian k=9,30.56,0.6311,17.72,30,90,0.999,0.999,0.999,0.887,3
Gaussian noise,Median k=3,30.55,0.5288,9.25,100,200,0.912,0.971,0.94,0.441,355
Gaussian noise,Median k=5,34.0,0.7562,16.93,60,120,0.958,0.997,0.977,0.967,121
Gaussian noise,Median k=9,35.17,0.8938,35.67,30,90,0.969,0.983,0.976,0.88,87
Salt & pepper,No filter,18.44,0.3312,5.0,100,300,0.16,0.978,0.276,0.213,27414
Salt & pepper,Gaussian k=3,26.55,0.4784,6.2,100,300,0.548,0.9,0.682,0.241,3463
Salt & pepper,Gaussian k=5,28.67,0.5613,7.3,90,270,0.867,0.729,0.792,0.436,471
Salt & pepper,Gaussian k=9,29.95,0.6645,10.4,40,120,0.93,0.976,0.952,0.916,313
Salt & pepper,Median k=3,46.62,0.9991,999.0,10,20,1.0,1.0,1.0,1.0,0
Salt & pepper,Median k=5,45.65,0.9988,999.0,10,20,1.0,1.0,1.0,1.0,0
Salt & pepper,Median k=9,44.38,0.9982,999.0,20,60,1.0,0.997,0.998,0.998,0
